
-- Grupo 00 - PC
-- Claves son: mmgggaaa: mm - fuente, ggg - grupo, aaa - cuenta

-- Bancos
INSERT INTO BANKS  (ID, NAME)            VALUES (1, 'CASH');
INSERT INTO CARDS  (IDBANK, ID, NAME)    VALUES (1, 1, 'CASH');

INSERT INTO BANKS  (ID, NAME)            VALUES (2, 'Nickel');
INSERT INTO CARDS  (IDBANK, ID, NAME)    VALUES (2, 1, 'Tarjeta Nickel');

INSERT INTO BANKS  (ID, NAME)            VALUES (3, 'Correos');
INSERT INTO CARDS  (IDBANK, ID, NAME)    VALUES (3, 1, 'Tarjeta Correos');

-- Grupos y cuentas de gastos
INSERT INTO GROUPS    (ID, NAME)           VALUES (1,       'Personal'        );
INSERT INTO ACCOUNTS  (IDGROUP, ID, NAME)  VALUES (1, 1001, 'Tabaco'          );
INSERT INTO ACCOUNTS  (IDGROUP, ID, NAME)  VALUES (1, 2998, 'Otros'           );
INSERT INTO ACCOUNTS  (IDGROUP, ID, NAME)  VALUES (1, 2999, 'Imprevistos'     );

INSERT INTO GROUPS    (ID, NAME)           VALUES (2,       'Hogar'           );
INSERT INTO ACCOUNTS  (IDGROUP, ID, NAME)  VALUES (2, 2001, 'Alquiler'        );
INSERT INTO ACCOUNTS  (IDGROUP, ID, NAME)  VALUES (2, 2002, 'Gastos'          );
INSERT INTO ACCOUNTS  (IDGROUP, ID, NAME)  VALUES (2, 2003, 'Comida'          );
INSERT INTO ACCOUNTS  (IDGROUP, ID, NAME)  VALUES (2, 2004, 'Limpieza'        );
INSERT INTO ACCOUNTS  (IDGROUP, ID, NAME)  VALUES (2, 2998, 'Otros'           );
INSERT INTO ACCOUNTS  (IDGROUP, ID, NAME)  VALUES (2, 2999, 'Imprevistos'     );

INSERT INTO GROUPS    (ID, NAME)           VALUES (3,       'Transporte'      ),
INSERT INTO ACCOUNTS  (IDGROUP, ID, NAME)  VALUES (3, 3001, 'Carburante'      );
INSERT INTO ACCOUNTS  (IDGROUP, ID, NAME)  VALUES (3, 3002, 'Seguro'          );
INSERT INTO ACCOUNTS  (IDGROUP, ID, NAME)  VALUES (3, 3003, 'Mantenimiento'   );
INSERT INTO ACCOUNTS  (IDGROUP, ID, NAME)  VALUES (3, 3004, 'Taxis'           );
INSERT INTO ACCOUNTS  (IDGROUP, ID, NAME)  VALUES (3, 3005, 'Publico'         );
INSERT INTO ACCOUNTS  (IDGROUP, ID, NAME)  VALUES (3, 3998, 'Otros'           );
INSERT INTO ACCOUNTS  (IDGROUP, ID, NAME)  VALUES (3, 3999, 'Imprevistos'     );

INSERT INTO GROUPS    (ID, NAME)           VALUES (4,       'Ocio'            );
INSERT INTO ACCOUNTS  (IDGROUP, ID, NAME)  VALUES (4, 4001, 'Copas'           );
INSERT INTO ACCOUNTS  (IDGROUP, ID, NAME)  VALUES (4, 4002, 'Comidas'         );
INSERT INTO ACCOUNTS  (IDGROUP, ID, NAME)  VALUES (4, 4003, 'Espectaculos'    );
INSERT INTO ACCOUNTS  (IDGROUP, ID, NAME)  VALUES (4, 4998, 'Otros'           );
INSERT INTO ACCOUNTS  (IDGROUP, ID, NAME)  VALUES (4, 4999, 'Imprevistos'     );

INSERT INTO GROUPS    (ID, NAME)           VALUES (5,       'Salud'           );
INSERT INTO ACCOUNTS  (IDGROUP, ID, NAME)  VALUES (5, 5001, 'Medicinas'       );
INSERT INTO ACCOUNTS  (IDGROUP, ID, NAME)  VALUES (5, 5002, 'Seguros'         );
INSERT INTO ACCOUNTS  (IDGROUP, ID, NAME)  VALUES (5, 5003, 'Medicos'         );
INSERT INTO ACCOUNTS  (IDGROUP, ID, NAME)  VALUES (5, 5998, 'Otros'           );
INSERT INTO ACCOUNTS  (IDGROUP, ID, NAME)  VALUES (5, 5999, 'Imprevistos'     );

INSERT INTO GROUPS    (ID, NAME)           VALUES (6,       'Formacion'       );
INSERT INTO ACCOUNTS  (IDGROUP, ID, NAME)  VALUES (6, 6001, 'Matriculas'      );
INSERT INTO ACCOUNTS  (IDGROUP, ID, NAME)  VALUES (6, 6002, 'Libros'          );
INSERT INTO ACCOUNTS  (IDGROUP, ID, NAME)  VALUES (6, 6003, 'Cursos'          );
INSERT INTO ACCOUNTS  (IDGROUP, ID, NAME)  VALUES (6, 6998, 'Otros'           );
INSERT INTO ACCOUNTS  (IDGROUP, ID, NAME)  VALUES (6, 6999, 'Imprevistos'     );
